1612652922000,3,Requisição HTTP,200,,Grupo de Usuários 1-1,,true,210,3
1612652922006,4,Requisição HTTP,200,,Grupo de Usuários 1-1,,true,210,4
1612652922011,3,Requisição HTTP,200,,Grupo de Usuários 1-2,,true,210,3
1612652922015,3,Requisição HTTP,200,,Grupo de Usuários 1-1,,true,210,3
1612652922019,2,Requisição HTTP,200,,Grupo de Usuários 1-2,,true,210,2
1612652922021,3,Requisição HTTP,200,,Grupo de Usuários 1-3,,true,210,3
1612652922026,3,Requisição HTTP,200,,Grupo de Usuários 1-1,,true,210,3
1612652922030,3,Requisição HTTP,200,,Grupo de Usuários 1-2,,true,210,3
1612652922032,3,Requisição HTTP,200,,Grupo de Usuários 1-4,,true,210,3
1612652922034,1,Requisição HTTP,200,,Grupo de Usuários 1-3,,true,210,1
1612652922034,1,Requisição HTTP,200,,Grupo de Usuários 1-1,,true,210,1
1612652922042,3,Requisição HTTP,200,,Grupo de Usuários 1-3,,true,210,3
1612652922042,3,Requisição HTTP,200,,Grupo de Usuários 1-4,,true,210,3
1612652922042,3,Requisição HTTP,200,,Grupo de Usuários 1-2,,true,210,3
1612652922042,5,Requisição HTTP,400,,Grupo de Usuários 1-5,text,false,452,4
1612652922051,2,Requisição HTTP,200,,Grupo de Usuários 1-3,,true,210,2
1612652922053,2,Requisição HTTP,200,,Grupo de Usuários 1-6,,true,210,2
1612652922056,2,Requisição HTTP,200,,Grupo de Usuários 1-5,,true,210,2
1612652922056,3,Requisição HTTP,200,,Grupo de Usuários 1-2,,true,210,3
1612652922056,4,Requisição HTTP,200,,Grupo de Usuários 1-4,,true,210,4
1612652922064,2,Requisição HTTP,200,,Grupo de Usuários 1-7,,true,210,2
1612652922064,2,Requisição HTTP,200,,Grupo de Usuários 1-3,,true,210,2
1612652922070,2,Requisição HTTP,200,,Grupo de Usuários 1-6,,true,210,2
1612652922070,3,Requisição HTTP,200,,Grupo de Usuários 1-5,,true,210,3
1612652922070,5,Requisição HTTP,400,,Grupo de Usuários 1-4,text,false,452,4
1612652922074,3,Requisição HTTP,200,,Grupo de Usuários 1-8,,true,210,3
1612652922078,3,Requisição HTTP,200,,Grupo de Usuários 1-7,,true,210,3
1612652922084,3,Requisição HTTP,200,,Grupo de Usuários 1-9,,true,210,3
1612652922086,2,Requisição HTTP,200,,Grupo de Usuários 1-5,,true,210,2
1612652922086,2,Requisição HTTP,200,,Grupo de Usuários 1-6,,true,210,2
1612652922091,4,Requisição HTTP,200,,Grupo de Usuários 1-4,,true,210,4
1612652922091,5,Requisição HTTP,200,,Grupo de Usuários 1-8,,true,210,5
1612652922091,5,Requisição HTTP,200,,Grupo de Usuários 1-7,,true,210,5
1612652922094,3,Requisição HTTP,200,,Grupo de Usuários 1-10,,true,210,3
1612652922100,2,Requisição HTTP,200,,Grupo de Usuários 1-9,,true,210,2
1612652922103,3,Requisição HTTP,200,,Grupo de Usuários 1-11,,true,210,3
1612652922109,4,Requisição HTTP,200,,Grupo de Usuários 1-5,,true,210,4
1612652922109,4,Requisição HTTP,200,,Grupo de Usuários 1-6,,true,210,4
1612652922110,3,Requisição HTTP,200,,Grupo de Usuários 1-8,,true,210,3
1612652922110,4,Requisição HTTP,200,,Grupo de Usuários 1-7,,true,210,4
1612652922111,3,Requisição HTTP,200,,Grupo de Usuários 1-10,,true,210,3
1612652922115,2,Requisição HTTP,200,,Grupo de Usuários 1-12,,true,210,2
1612652922119,3,Requisição HTTP,200,,Grupo de Usuários 1-9,,true,210,3
1612652922124,2,Requisição HTTP,200,,Grupo de Usuários 1-13,,true,210,2
1612652922129,4,Requisição HTTP,200,,Grupo de Usuários 1-6,,true,210,4
1612652922129,4,Requisição HTTP,200,,Grupo de Usuários 1-8,,true,210,4
1612652922129,4,Requisição HTTP,200,,Grupo de Usuários 1-7,,true,210,4
1612652922129,4,Requisição HTTP,200,,Grupo de Usuários 1-10,,true,210,4
1612652922129,5,Requisição HTTP,400,,Grupo de Usuários 1-12,text,false,452,4
1612652922129,5,Requisição HTTP,400,,Grupo de Usuários 1-11,text,false,452,4
1612652922135,2,Requisição HTTP,200,,Grupo de Usuários 1-14,,true,210,2
1612652922141,3,Requisição HTTP,200,,Grupo de Usuários 1-9,,true,210,3
1612652922147,3,Requisição HTTP,200,,Grupo de Usuários 1-15,,true,210,3
1612652922154,4,Requisição HTTP,200,,Grupo de Usuários 1-13,,true,210,4
1612652922155,3,Requisição HTTP,200,,Grupo de Usuários 1-14,,true,210,3
1612652922154,4,Requisição HTTP,200,,Grupo de Usuários 1-8,,true,210,4
1612652922155,5,Requisição HTTP,200,,Grupo de Usuários 1-11,,true,210,5
1612652922157,9,Requisição HTTP,200,,Grupo de Usuários 1-16,,true,210,9
1612652922154,12,Requisição HTTP,200,,Grupo de Usuários 1-10,,true,210,12
1612652922155,11,Requisição HTTP,200,,Grupo de Usuários 1-12,,true,210,11
1612652922173,3,Requisição HTTP,200,,Grupo de Usuários 1-17,,true,210,3
1612652922175,4,Requisição HTTP,200,,Grupo de Usuários 1-18,,true,210,4
1612652922178,3,Requisição HTTP,200,,Grupo de Usuários 1-9,,true,210,3
1612652922186,2,Requisição HTTP,200,,Grupo de Usuários 1-19,,true,210,2
1612652922192,3,Requisição HTTP,200,,Grupo de Usuários 1-15,,true,210,3
1612652922197,2,Requisição HTTP,200,,Grupo de Usuários 1-20,,true,210,2
1612652922204,4,Requisição HTTP,200,,Grupo de Usuários 1-14,,true,210,4
1612652922204,4,Requisição HTTP,200,,Grupo de Usuários 1-12,,true,210,4
1612652922205,3,Requisição HTTP,200,,Grupo de Usuários 1-18,,true,210,3
1612652922204,4,Requisição HTTP,200,,Grupo de Usuários 1-16,,true,210,4
1612652922204,4,Requisição HTTP,200,,Grupo de Usuários 1-11,,true,210,4
1612652922205,3,Requisição HTTP,200,,Grupo de Usuários 1-17,,true,210,3
1612652922204,5,Requisição HTTP,200,,Grupo de Usuários 1-13,,true,210,5
1612652922206,3,Requisição HTTP,200,,Grupo de Usuários 1-21,,true,210,3
1612652922204,5,Requisição HTTP,200,,Grupo de Usuários 1-10,,true,210,5
1612652922217,3,Requisição HTTP,200,,Grupo de Usuários 1-22,,true,210,3
1612652922219,1,Requisição HTTP,200,,Grupo de Usuários 1-19,,true,210,1
1612652922219,2,Requisição HTTP,200,,Grupo de Usuários 1-15,,true,210,2
1612652922219,2,Requisição HTTP,200,,Grupo de Usuários 1-20,,true,210,2
1612652922228,3,Requisição HTTP,200,,Grupo de Usuários 1-23,,true,210,3
1612652922234,4,Requisição HTTP,200,,Grupo de Usuários 1-14,,true,210,4
1612652922234,4,Requisição HTTP,200,,Grupo de Usuários 1-12,,true,210,4
1612652922236,2,Requisição HTTP,200,,Grupo de Usuários 1-11,,true,210,2
1612652922236,3,Requisição HTTP,200,,Grupo de Usuários 1-18,,true,210,3
1612652922236,3,Requisição HTTP,200,,Grupo de Usuários 1-13,,true,210,3
1612652922236,3,Requisição HTTP,200,,Grupo de Usuários 1-16,,true,210,3
1612652922236,3,Requisição HTTP,200,,Grupo de Usuários 1-17,,true,210,3
1612652922236,3,Requisição HTTP,200,,Grupo de Usuários 1-21,,true,210,3
1612652922237,3,Requisição HTTP,200,,Grupo de Usuários 1-24,,true,210,3
1612652922248,2,Requisição HTTP,200,,Grupo de Usuários 1-23,,true,210,2
1612652922247,3,Requisição HTTP,200,,Grupo de Usuários 1-25,,true,210,3
1612652922247,3,Requisição HTTP,200,,Grupo de Usuários 1-22,,true,210,3
1612652922248,2,Requisição HTTP,200,,Grupo de Usuários 1-15,,true,210,2
1612652922247,3,Requisição HTTP,200,,Grupo de Usuários 1-19,,true,210,3
1612652922248,3,Requisição HTTP,200,,Grupo de Usuários 1-20,,true,210,3
1612652922257,3,Requisição HTTP,200,,Grupo de Usuários 1-26,,true,210,3
1612652922263,3,Requisição HTTP,200,,Grupo de Usuários 1-14,,true,210,3
1612652922267,2,Requisição HTTP,200,,Grupo de Usuários 1-13,,true,210,2
1612652922268,2,Requisição HTTP,200,,Grupo de Usuários 1-16,,true,210,2
1612652922267,3,Requisição HTTP,200,,Grupo de Usuários 1-18,,true,210,3
1612652922268,3,Requisição HTTP,200,,Grupo de Usuários 1-21,,true,210,3
1612652922268,3,Requisição HTTP,200,,Grupo de Usuários 1-24,,true,210,3
1612652922268,3,Requisição HTTP,200,,Grupo de Usuários 1-27,,true,210,3
1612652922268,3,Requisição HTTP,200,,Grupo de Usuários 1-17,,true,210,3
1612652922280,2,Requisição HTTP,200,,Grupo de Usuários 1-23,,true,210,2
1612652922280,4,Requisição HTTP,200,,Grupo de Usuários 1-25,,true,210,4
1612652922280,4,Requisição HTTP,200,,Grupo de Usuários 1-22,,true,210,4
1612652922280,4,Requisição HTTP,200,,Grupo de Usuários 1-28,,true,210,4
1612652922281,4,Requisição HTTP,200,,Grupo de Usuários 1-26,,true,210,4
1612652922280,5,Requisição HTTP,200,,Grupo de Usuários 1-15,,true,210,5
1612652922280,5,Requisição HTTP,200,,Grupo de Usuários 1-19,,true,210,5
1612652922281,4,Requisição HTTP,200,,Grupo de Usuários 1-20,,true,210,4
1612652922289,3,Requisição HTTP,200,,Grupo de Usuários 1-29,,true,210,3
1612652922300,4,Requisição HTTP,200,,Grupo de Usuários 1-18,,true,210,4
1612652922302,3,Requisição HTTP,200,,Grupo de Usuários 1-21,,true,210,3
1612652922300,5,Requisição HTTP,200,,Grupo de Usuários 1-16,,true,210,5
1612652922302,3,Requisição HTTP,200,,Grupo de Usuários 1-30,,true,210,3
1612652922306,2,Requisição HTTP,200,,Grupo de Usuários 1-24,,true,210,2
1612652922306,4,Requisição HTTP,200,,Grupo de Usuários 1-27,,true,210,4
1612652922306,7,Requisição HTTP,200,,Grupo de Usuários 1-17,,true,210,7
1612652922311,4,Requisição HTTP,200,,Grupo de Usuários 1-31,,true,210,4
1612652922319,3,Requisição HTTP,200,,Grupo de Usuários 1-22,,true,210,3
1612652922319,3,Requisição HTTP,200,,Grupo de Usuários 1-28,,true,210,3
1612652922319,4,Requisição HTTP,200,,Grupo de Usuários 1-23,,true,210,4
1612652922319,4,Requisição HTTP,200,,Grupo de Usuários 1-25,,true,210,4
1612652922320,3,Requisição HTTP,200,,Grupo de Usuários 1-26,,true,210,3
1612652922321,4,Requisição HTTP,200,,Grupo de Usuários 1-32,,true,210,4
1612652922322,2,Requisição HTTP,200,,Grupo de Usuários 1-19,,true,210,2
1612652922323,4,Requisição HTTP,200,,Grupo de Usuários 1-29,,true,210,4
1612652922323,5,Requisição HTTP,200,,Grupo de Usuários 1-20,,true,210,5
1612652922332,2,Requisição HTTP,200,,Grupo de Usuários 1-33,,true,210,2
1612652922337,3,Requisição HTTP,200,,Grupo de Usuários 1-21,,true,210,3
1612652922340,1,Requisição HTTP,404,,Grupo de Usuários 1-24,,false,210,1
1612652922338,3,Requisição HTTP,200,,Grupo de Usuários 1-30,,true,210,3
1612652922341,5,Requisição HTTP,200,,Grupo de Usuários 1-31,,true,210,5
1612652922342,4,Requisição HTTP,200,,Grupo de Usuários 1-34,,true,210,4
1612652922341,5,Requisição HTTP,200,,Grupo de Usuários 1-27,,true,210,5
1612652922354,3,Requisição HTTP,200,,Grupo de Usuários 1-35,,true,210,3
1612652922359,4,Requisição HTTP,200,,Grupo de Usuários 1-22,,true,210,4
1612652922359,4,Requisição HTTP,200,,Grupo de Usuários 1-26,,true,210,4
1612652922359,5,Requisição HTTP,200,,Grupo de Usuários 1-23,,true,210,5
1612652922360,4,Requisição HTTP,200,,Grupo de Usuários 1-32,,true,210,4
1612652922359,6,Requisição HTTP,200,,Grupo de Usuários 1-25,,true,210,6
1612652922360,5,Requisição HTTP,200,,Grupo de Usuários 1-36,,true,210,5
1612652922359,6,Requisição HTTP,200,,Grupo de Usuários 1-28,,true,210,6
1612652922363,3,Requisição HTTP,200,,Grupo de Usuários 1-33,,true,210,3
1612652922363,4,Requisição HTTP,400,,Grupo de Usuários 1-29,text,false,452,3
1612652922372,2,Requisição HTTP,200,,Grupo de Usuários 1-37,,true,210,2
1612652922376,3,Requisição HTTP,200,,Grupo de Usuários 1-30,,true,210,3
1612652922376,3,Requisição HTTP,200,,Grupo de Usuários 1-24,,true,210,3
1612652922378,3,Requisição HTTP,200,,Grupo de Usuários 1-31,,true,210,3
1612652922380,3,Requisição HTTP,200,,Grupo de Usuários 1-34,,true,210,3
1612652922382,1,Requisição HTTP,200,,Grupo de Usuários 1-27,,true,210,1
1612652922382,3,Requisição HTTP,200,,Grupo de Usuários 1-35,,true,210,3
1612652922384,3,Requisição HTTP,200,,Grupo de Usuários 1-38,,true,210,3
1612652922391,4,Requisição HTTP,200,,Grupo de Usuários 1-39,,true,210,4
1612652922398,2,Requisição HTTP,200,,Grupo de Usuários 1-25,,true,210,2
1612652922396,4,Requisição HTTP,404,,Grupo de Usuários 1-26,,false,210,4
1612652922398,2,Requisição HTTP,200,,Grupo de Usuários 1-36,,true,210,2
1612652922398,3,Requisição HTTP,200,,Grupo de Usuários 1-32,,true,210,3
1612652922398,3,Requisição HTTP,200,,Grupo de Usuários 1-28,,true,210,3
1612652922398,3,Requisição HTTP,200,,Grupo de Usuários 1-33,,true,210,3
1612652922398,4,Requisição HTTP,200,,Grupo de Usuários 1-29,,true,210,4
1612652922403,3,Requisição HTTP,200,,Grupo de Usuários 1-40,,true,210,3
1612652922414,2,Requisição HTTP,200,,Grupo de Usuários 1-30,,true,210,2
1612652922413,3,Requisição HTTP,200,,Grupo de Usuários 1-37,,true,210,3
1612652922414,2,Requisição HTTP,200,,Grupo de Usuários 1-34,,true,210,2
1612652922414,2,Requisição HTTP,200,,Grupo de Usuários 1-31,,true,210,2
1612652922413,3,Requisição HTTP,200,,Grupo de Usuários 1-41,,true,210,3
1612652922416,2,Requisição HTTP,200,,Grupo de Usuários 1-27,,true,210,2
1612652922418,2,Requisição HTTP,200,,Grupo de Usuários 1-38,,true,210,2
1612652922418,2,Requisição HTTP,200,,Grupo de Usuários 1-35,,true,210,2
1612652922423,2,Requisição HTTP,200,,Grupo de Usuários 1-42,,true,210,2
1612652922431,2,Requisição HTTP,200,,Grupo de Usuários 1-39,,true,210,2
1612652922432,2,Requisição HTTP,200,,Grupo de Usuários 1-43,,true,210,2
1612652922433,5,Requisição HTTP,200,,Grupo de Usuários 1-36,,true,210,5
1612652922435,3,Requisição HTTP,200,,Grupo de Usuários 1-28,,true,210,3
1612652922435,3,Requisição HTTP,200,,Grupo de Usuários 1-33,,true,210,3
1612652922436,3,Requisição HTTP,200,,Grupo de Usuários 1-40,,true,210,3
1612652922436,3,Requisição HTTP,200,,Grupo de Usuários 1-29,,true,210,3
1612652922435,5,Requisição HTTP,400,,Grupo de Usuários 1-32,text,false,452,3
1612652922445,3,Requisição HTTP,200,,Grupo de Usuários 1-44,,true,210,3
1612652922450,3,Requisição HTTP,200,,Grupo de Usuários 1-37,,true,210,3
1612652922450,3,Requisição HTTP,200,,Grupo de Usuários 1-34,,true,210,3
1612652922450,3,Requisição HTTP,200,,Grupo de Usuários 1-31,,true,210,3
1612652922449,4,Requisição HTTP,200,,Grupo de Usuários 1-30,,true,210,4
1612652922451,3,Requisição HTTP,200,,Grupo de Usuários 1-38,,true,210,3
1612652922451,3,Requisição HTTP,200,,Grupo de Usuários 1-35,,true,210,3
1612652922451,4,Requisição HTTP,200,,Grupo de Usuários 1-41,,true,210,4
1612652922454,3,Requisição HTTP,200,,Grupo de Usuários 1-42,,true,210,3
1612652922455,4,Requisição HTTP,200,,Grupo de Usuários 1-45,,true,210,4
1612652922466,3,Requisição HTTP,200,,Grupo de Usuários 1-46,,true,210,3
1612652922470,4,Requisição HTTP,200,,Grupo de Usuários 1-36,,true,210,4
1612652922470,5,Requisição HTTP,200,,Grupo de Usuários 1-39,,true,210,5
1612652922470,5,Requisição HTTP,400,,Grupo de Usuários 1-43,text,false,452,4
1612652922473,4,Requisição HTTP,200,,Grupo de Usuários 1-33,,true,210,4
1612652922475,5,Requisição HTTP,200,,Grupo de Usuários 1-40,,true,210,5
1612652922476,5,Requisição HTTP,200,,Grupo de Usuários 1-32,,true,210,5
1612652922476,6,Requisição HTTP,200,,Grupo de Usuários 1-47,,true,210,6
1612652922487,3,Requisição HTTP,200,,Grupo de Usuários 1-48,,true,210,3
1612652922492,5,Requisição HTTP,200,,Grupo de Usuários 1-38,,true,210,5
1612652922492,7,Requisição HTTP,200,,Grupo de Usuários 1-44,,true,210,7
1612652922492,8,Requisição HTTP,200,,Grupo de Usuários 1-37,,true,210,8
1612652922496,5,Requisição HTTP,200,,Grupo de Usuários 1-41,,true,210,5
1612652922494,7,Requisição HTTP,200,,Grupo de Usuários 1-35,,true,210,7
1612652922497,6,Requisição HTTP,200,,Grupo de Usuários 1-45,,true,210,6
1612652922496,7,Requisição HTTP,200,,Grupo de Usuários 1-42,,true,210,7
1612652922492,12,Requisição HTTP,200,,Grupo de Usuários 1-34,,true,210,12
1612652922500,5,Requisição HTTP,200,,Grupo de Usuários 1-49,,true,210,5
1612652922507,4,Requisição HTTP,200,,Grupo de Usuários 1-50,,true,210,4
1612652922517,4,Requisição HTTP,200,,Grupo de Usuários 1-40,,true,210,4
1612652922516,5,Requisição HTTP,200,,Grupo de Usuários 1-36,,true,210,5
1612652922516,6,Requisição HTTP,200,,Grupo de Usuários 1-39,,true,210,6
1612652922516,7,Requisição HTTP,200,,Grupo de Usuários 1-43,,true,210,7
1612652922516,7,Requisição HTTP,200,,Grupo de Usuários 1-46,,true,210,7
1612652922518,6,Requisição HTTP,200,,Grupo de Usuários 1-51,,true,210,6
1612652922518,6,Requisição HTTP,200,,Grupo de Usuários 1-47,,true,210,6
1612652922529,3,Requisição HTTP,200,,Grupo de Usuários 1-52,,true,210,3
1612652922539,8,Requisição HTTP,200,,Grupo de Usuários 1-53,,true,210,8
1612652922547,4,Requisição HTTP,200,,Grupo de Usuários 1-48,,true,210,4
1612652922547,7,Requisição HTTP,200,,Grupo de Usuários 1-41,,true,210,7
1612652922547,9,Requisição HTTP,200,,Grupo de Usuários 1-44,,true,210,9
1612652922547,9,Requisição HTTP,200,,Grupo de Usuários 1-38,,true,210,9
1612652922547,10,Requisição HTTP,200,,Grupo de Usuários 1-37,,true,210,10
1612652922550,8,Requisição HTTP,200,,Grupo de Usuários 1-42,,true,210,8
1612652922553,8,Requisição HTTP,200,,Grupo de Usuários 1-50,,true,210,8
1612652922553,9,Requisição HTTP,200,,Grupo de Usuários 1-49,,true,210,9
1612652922549,13,Requisição HTTP,200,,Grupo de Usuários 1-45,,true,210,13
1612652922563,3,Requisição HTTP,200,,Grupo de Usuários 1-55,,true,210,3
1612652922554,13,Requisição HTTP,200,,Grupo de Usuários 1-54,,true,210,13
1612652922570,3,Requisição HTTP,200,,Grupo de Usuários 1-39,,true,210,3
1612652922570,5,Requisição HTTP,200,,Grupo de Usuários 1-43,,true,210,5
1612652922569,9,Requisição HTTP,200,,Grupo de Usuários 1-40,,true,210,9
1612652922571,8,Requisição HTTP,200,,Grupo de Usuários 1-47,,true,210,8
1612652922571,10,Requisição HTTP,200,,Grupo de Usuários 1-52,,true,210,10
1612652922571,12,Requisição HTTP,200,,Grupo de Usuários 1-46,,true,210,12
1612652922569,14,Requisição HTTP,200,,Grupo de Usuários 1-56,,true,210,14
1612652922580,4,Requisição HTTP,200,,Grupo de Usuários 1-57,,true,210,4
1612652922571,14,Requisição HTTP,200,,Grupo de Usuários 1-51,,true,210,14
1612652922590,8,Requisição HTTP,200,,Grupo de Usuários 1-58,,true,210,8
1612652922598,4,Requisição HTTP,200,,Grupo de Usuários 1-48,,true,210,4
1612652922598,4,Requisição HTTP,200,,Grupo de Usuários 1-53,,true,210,4
1612652922599,4,Requisição HTTP,200,,Grupo de Usuários 1-44,,true,210,4
1612652922598,8,Requisição HTTP,200,,Grupo de Usuários 1-41,,true,210,8
1612652922601,5,Requisição HTTP,200,,Grupo de Usuários 1-49,,true,210,5
1612652922601,5,Requisição HTTP,200,,Grupo de Usuários 1-42,,true,210,5
1612652922601,6,Requisição HTTP,200,,Grupo de Usuários 1-50,,true,210,5
1612652922602,5,Requisição HTTP,200,,Grupo de Usuários 1-45,,true,210,5
1612652922603,5,Requisição HTTP,200,,Grupo de Usuários 1-59,,true,210,5
1612652922603,5,Requisição HTTP,200,,Grupo de Usuários 1-55,,true,210,5
1612652922604,4,Requisição HTTP,200,,Grupo de Usuários 1-54,,true,210,4
1612652922610,3,Requisição HTTP,200,,Grupo de Usuários 1-60,,true,210,3
1612652922620,3,Requisição HTTP,200,,Grupo de Usuários 1-61,,true,210,3
1612652922623,7,Requisição HTTP,200,,Grupo de Usuários 1-43,,true,210,7
1612652922626,4,Requisição HTTP,200,,Grupo de Usuários 1-46,,true,210,4
1612652922626,5,Requisição HTTP,200,,Grupo de Usuários 1-47,,true,210,5
1612652922626,5,Requisição HTTP,200,,Grupo de Usuários 1-56,,true,210,5
1612652922631,2,Requisição HTTP,200,,Grupo de Usuários 1-51,,true,210,2
1612652922629,5,Requisição HTTP,200,,Grupo de Usuários 1-57,,true,210,5
1612652922626,9,Requisição HTTP,200,,Grupo de Usuários 1-52,,true,210,9
1612652922632,4,Requisição HTTP,200,,Grupo de Usuários 1-62,,true,210,4
1612652922641,4,Requisição HTTP,200,,Grupo de Usuários 1-63,,true,210,4
1612652922645,4,Requisição HTTP,200,,Grupo de Usuários 1-58,,true,210,4
1612652922646,4,Requisição HTTP,200,,Grupo de Usuários 1-49,,true,210,4
1612652922646,4,Requisição HTTP,200,,Grupo de Usuários 1-48,,true,210,4
1612652922646,5,Requisição HTTP,200,,Grupo de Usuários 1-44,,true,210,5
1612652922648,4,Requisição HTTP,200,,Grupo de Usuários 1-45,,true,210,4
1612652922648,4,Requisição HTTP,200,,Grupo de Usuários 1-59,,true,210,4
1612652922647,5,Requisição HTTP,200,,Grupo de Usuários 1-50,,true,210,5
1612652922652,2,Requisição HTTP,200,,Grupo de Usuários 1-60,,true,210,2
1612652922650,5,Requisição HTTP,200,,Grupo de Usuários 1-54,,true,210,5
1612652922650,5,Requisição HTTP,200,,Grupo de Usuários 1-55,,true,210,5
1612652922646,9,Requisição HTTP,200,,Grupo de Usuários 1-53,,true,210,9
1612652922652,4,Requisição HTTP,200,,Grupo de Usuários 1-64,,true,210,4
1612652922663,3,Requisição HTTP,200,,Grupo de Usuários 1-65,,true,210,3
1612652922666,4,Requisição HTTP,200,,Grupo de Usuários 1-47,,true,210,4
1612652922666,4,Requisição HTTP,200,,Grupo de Usuários 1-46,,true,210,4
1612652922666,4,Requisição HTTP,200,,Grupo de Usuários 1-61,,true,210,4
1612652922667,4,Requisição HTTP,200,,Grupo de Usuários 1-56,,true,210,4
1612652922670,3,Requisição HTTP,200,,Grupo de Usuários 1-57,,true,210,3
1612652922669,4,Requisição HTTP,200,,Grupo de Usuários 1-51,,true,210,4
1612652922672,4,Requisição HTTP,200,,Grupo de Usuários 1-62,,true,210,4
1612652922672,4,Requisição HTTP,200,,Grupo de Usuários 1-52,,true,210,4
1612652922673,5,Requisição HTTP,200,,Grupo de Usuários 1-66,,true,210,5
1612652922682,2,Requisição HTTP,200,,Grupo de Usuários 1-67,,true,210,2
1612652922690,6,Requisição HTTP,200,,Grupo de Usuários 1-63,,true,210,6
1612652922691,6,Requisição HTTP,200,,Grupo de Usuários 1-48,,true,210,6
1612652922691,7,Requisição HTTP,200,,Grupo de Usuários 1-58,,true,210,7
1612652922691,7,Requisição HTTP,200,,Grupo de Usuários 1-49,,true,210,7
1612652922696,4,Requisição HTTP,200,,Grupo de Usuários 1-50,,true,210,4
1612652922691,10,Requisição HTTP,200,,Grupo de Usuários 1-68,,true,210,10
1612652922696,6,Requisição HTTP,200,,Grupo de Usuários 1-60,,true,210,6
1612652922696,6,Requisição HTTP,200,,Grupo de Usuários 1-59,,true,210,6
1612652922698,4,Requisição HTTP,200,,Grupo de Usuários 1-55,,true,210,4
1612652922698,5,Requisição HTTP,200,,Grupo de Usuários 1-54,,true,210,5
1612652922698,5,Requisição HTTP,200,,Grupo de Usuários 1-53,,true,210,5
1612652922699,6,Requisição HTTP,200,,Grupo de Usuários 1-64,,true,210,6
1612652922706,4,Requisição HTTP,200,,Grupo de Usuários 1-69,,true,210,4
1612652922714,3,Requisição HTTP,200,,Grupo de Usuários 1-70,,true,210,3
1612652922719,2,Requisição HTTP,200,,Grupo de Usuários 1-61,,true,210,2
1612652922718,4,Requisição HTTP,200,,Grupo de Usuários 1-65,,true,210,4
1612652922720,7,Requisição HTTP,200,,Grupo de Usuários 1-57,,true,210,7
1612652922722,7,Requisição HTTP,200,,Grupo de Usuários 1-52,,true,210,7
1612652922722,9,Requisição HTTP,200,,Grupo de Usuários 1-51,,true,210,9
1612652922720,11,Requisição HTTP,200,,Grupo de Usuários 1-56,,true,210,11
1612652922724,9,Requisição HTTP,200,,Grupo de Usuários 1-66,,true,210,9
1612652922726,7,Requisição HTTP,200,,Grupo de Usuários 1-71,,true,210,7
1612652922724,9,Requisição HTTP,200,,Grupo de Usuários 1-67,,true,210,9
1612652922722,12,Requisição HTTP,200,,Grupo de Usuários 1-62,,true,210,12
1612652922736,3,Requisição HTTP,200,,Grupo de Usuários 1-72,,true,210,3
1612652922747,6,Requisição HTTP,200,,Grupo de Usuários 1-58,,true,210,6
1612652922747,7,Requisição HTTP,200,,Grupo de Usuários 1-63,,true,210,7
1612652922747,9,Requisição HTTP,200,,Grupo de Usuários 1-73,,true,210,9
1612652922752,5,Requisição HTTP,200,,Grupo de Usuários 1-60,,true,210,5
1612652922752,6,Requisição HTTP,200,,Grupo de Usuários 1-59,,true,210,6
1612652922754,4,Requisição HTTP,200,,Grupo de Usuários 1-64,,true,210,4
1612652922752,7,Requisição HTTP,200,,Grupo de Usuários 1-55,,true,210,7
1612652922753,7,Requisição HTTP,200,,Grupo de Usuários 1-53,,true,210,7
1612652922752,10,Requisição HTTP,200,,Grupo de Usuários 1-54,,true,210,10
1612652922751,11,Requisição HTTP,200,,Grupo de Usuários 1-68,,true,210,11
1612652922754,10,Requisição HTTP,200,,Grupo de Usuários 1-69,,true,210,10
1612652922759,7,Requisição HTTP,200,,Grupo de Usuários 1-74,,true,210,7
1612652922768,3,Requisição HTTP,200,,Grupo de Usuários 1-75,,true,210,3
1612652922775,9,Requisição HTTP,200,,Grupo de Usuários 1-70,,true,210,9
1612652922775,11,Requisição HTTP,200,,Grupo de Usuários 1-61,,true,210,11
1612652922775,12,Requisição HTTP,200,,Grupo de Usuários 1-65,,true,210,12
1612652922778,9,Requisição HTTP,200,,Grupo de Usuários 1-66,,true,210,9
1612652922778,11,Requisição HTTP,200,,Grupo de Usuários 1-56,,true,210,11
1612652922783,6,Requisição HTTP,200,,Grupo de Usuários 1-72,,true,210,6
1612652922779,12,Requisição HTTP,200,,Grupo de Usuários 1-76,,true,210,12
1612652922779,12,Requisição HTTP,200,,Grupo de Usuários 1-71,,true,210,12
1612652922780,12,Requisição HTTP,200,,Grupo de Usuários 1-62,,true,210,12
1612652922780,12,Requisição HTTP,200,,Grupo de Usuários 1-67,,true,210,12
1612652922775,27,Requisição HTTP,200,,Grupo de Usuários 1-57,,true,210,27
1612652922798,4,Requisição HTTP,200,,Grupo de Usuários 1-78,,true,210,4
1612652922789,13,Requisição HTTP,200,,Grupo de Usuários 1-77,,true,210,13
1612652922802,5,Requisição HTTP,200,,Grupo de Usuários 1-64,,true,210,5
1612652922802,6,Requisição HTTP,200,,Grupo de Usuários 1-73,,true,210,6
1612652922802,8,Requisição HTTP,200,,Grupo de Usuários 1-60,,true,210,8
1612652922802,8,Requisição HTTP,200,,Grupo de Usuários 1-59,,true,210,8
1612652922802,10,Requisição HTTP,200,,Grupo de Usuários 1-58,,true,210,10
1612652922804,9,Requisição HTTP,200,,Grupo de Usuários 1-69,,true,210,9
1612652922803,10,Requisição HTTP,200,,Grupo de Usuários 1-68,,true,210,10
1612652922806,8,Requisição HTTP,200,,Grupo de Usuários 1-75,,true,210,8
1612652922802,13,Requisição HTTP,200,,Grupo de Usuários 1-63,,true,210,13
1612652922805,10,Requisição HTTP,200,,Grupo de Usuários 1-74,,true,210,10
1612652922812,9,Requisição HTTP,200,,Grupo de Usuários 1-79,,true,210,9
1612652922818,5,Requisição HTTP,200,,Grupo de Usuários 1-80,,true,210,5
1612652922827,4,Requisição HTTP,200,,Grupo de Usuários 1-81,,true,210,4
1612652922831,3,Requisição HTTP,200,,Grupo de Usuários 1-66,,true,210,3
1612652922831,4,Requisição HTTP,200,,Grupo de Usuários 1-65,,true,210,4
1612652922831,4,Requisição HTTP,200,,Grupo de Usuários 1-61,,true,210,4
1612652922832,4,Requisição HTTP,200,,Grupo de Usuários 1-72,,true,210,4
1612652922832,4,Requisição HTTP,200,,Grupo de Usuários 1-76,,true,210,4
1612652922835,3,Requisição HTTP,200,,Grupo de Usuários 1-67,,true,210,3
1612652922831,7,Requisição HTTP,200,,Grupo de Usuários 1-70,,true,210,7
1612652922833,6,Requisição HTTP,200,,Grupo de Usuários 1-71,,true,210,6
1612652922835,5,Requisição HTTP,200,,Grupo de Usuários 1-62,,true,210,5
1612652922843,4,Requisição HTTP,200,,Grupo de Usuários 1-82,,true,210,4
1612652922849,3,Requisição HTTP,200,,Grupo de Usuários 1-83,,true,210,3
1612652922860,10,Requisição HTTP,200,,Grupo de Usuários 1-77,,true,210,10
1612652922860,13,Requisição HTTP,200,,Grupo de Usuários 1-78,,true,210,13
1612652922861,14,Requisição HTTP,200,,Grupo de Usuários 1-73,,true,210,14
1612652922861,17,Requisição HTTP,200,,Grupo de Usuários 1-64,,true,210,17
1612652922861,17,Requisição HTTP,200,,Grupo de Usuários 1-84,,true,210,17
1612652922866,13,Requisição HTTP,200,,Grupo de Usuários 1-69,,true,210,13
1612652922868,11,Requisição HTTP,200,,Grupo de Usuários 1-75,,true,210,11
1612652922868,12,Requisição HTTP,200,,Grupo de Usuários 1-63,,true,210,12
1612652922869,11,Requisição HTTP,200,,Grupo de Usuários 1-79,,true,210,11
1612652922867,14,Requisição HTTP,200,,Grupo de Usuários 1-68,,true,210,14
1612652922872,11,Requisição HTTP,400,,Grupo de Usuários 1-85,text,false,452,10
1612652922869,15,Requisição HTTP,200,,Grupo de Usuários 1-80,,true,210,15
1612652922886,5,Requisição HTTP,200,,Grupo de Usuários 1-81,,true,210,5
1612652922886,8,Requisição HTTP,200,,Grupo de Usuários 1-72,,true,210,8
1612652922887,8,Requisição HTTP,400,,Grupo de Usuários 1-67,text,false,452,4
1612652922887,9,Requisição HTTP,200,,Grupo de Usuários 1-70,,true,210,9
1612652922886,10,Requisição HTTP,200,,Grupo de Usuários 1-66,,true,210,10
1612652922869,27,Requisição HTTP,200,,Grupo de Usuários 1-74,,true,210,27
1612652922886,11,Requisição HTTP,200,,Grupo de Usuários 1-76,,true,210,11
1612652922887,10,Requisição HTTP,200,,Grupo de Usuários 1-71,,true,210,10
1612652922886,13,Requisição HTTP,200,,Grupo de Usuários 1-65,,true,210,13
1612652922885,14,Requisição HTTP,200,,Grupo de Usuários 1-86,,true,210,14
1612652922889,10,Requisição HTTP,200,,Grupo de Usuários 1-82,,true,210,10
1612652922889,11,Requisição HTTP,200,,Grupo de Usuários 1-83,,true,210,11
1612652922892,8,Requisição HTTP,200,,Grupo de Usuários 1-87,,true,210,8
1612652922901,6,Requisição HTTP,200,,Grupo de Usuários 1-88,,true,210,6
1612652922913,5,Requisição HTTP,200,,Grupo de Usuários 1-78,,true,210,5
1612652922913,5,Requisição HTTP,200,,Grupo de Usuários 1-77,,true,210,5
1612652922913,5,Requisição HTTP,200,,Grupo de Usuários 1-73,,true,210,5
1612652922915,5,Requisição HTTP,200,,Grupo de Usuários 1-75,,true,210,5
1612652922914,7,Requisição HTTP,200,,Grupo de Usuários 1-89,,true,210,7
1612652922914,6,Requisição HTTP,200,,Grupo de Usuários 1-84,,true,210,6
1612652922915,6,Requisição HTTP,200,,Grupo de Usuários 1-69,,true,210,6
1612652922916,6,Requisição HTTP,200,,Grupo de Usuários 1-79,,true,210,6
1612652922918,4,Requisição HTTP,200,,Grupo de Usuários 1-68,,true,210,4
1612652922919,7,Requisição HTTP,200,,Grupo de Usuários 1-85,,true,210,7
1612652922922,4,Requisição HTTP,200,,Grupo de Usuários 1-90,,true,210,4
1612652922934,3,Requisição HTTP,200,,Grupo de Usuários 1-91,,true,210,3
1612652922944,22,Requisição HTTP,200,,Grupo de Usuários 1-81,,true,210,22
1612652922945,22,Requisição HTTP,200,,Grupo de Usuários 1-70,,true,210,22
1612652922946,22,Requisição HTTP,200,,Grupo de Usuários 1-92,,true,210,22
1612652922947,22,Requisição HTTP,200,,Grupo de Usuários 1-74,,true,210,22
1612652922949,22,Requisição HTTP,200,,Grupo de Usuários 1-71,,true,210,22
1612652922949,23,Requisição HTTP,200,,Grupo de Usuários 1-76,,true,210,23
1612652922944,30,Requisição HTTP,200,,Grupo de Usuários 1-80,,true,210,30
1612652922953,29,Requisição HTTP,200,,Grupo de Usuários 1-87,,true,210,29
1612652922944,38,Requisição HTTP,200,,Grupo de Usuários 1-72,,true,210,38
1612652922955,28,Requisição HTTP,200,,Grupo de Usuários 1-88,,true,210,28
1612652922952,31,Requisição HTTP,200,,Grupo de Usuários 1-82,,true,210,31
1612652922953,30,Requisição HTTP,200,,Grupo de Usuários 1-83,,true,210,30
1612652922977,11,Requisição HTTP,200,,Grupo de Usuários 1-75,,true,210,11
1612652922977,14,Requisição HTTP,200,,Grupo de Usuários 1-84,,true,210,14
1612652922980,13,Requisição HTTP,200,,Grupo de Usuários 1-95,,true,210,13
1612652922978,18,Requisição HTTP,200,,Grupo de Usuários 1-79,,true,210,18
1612652922977,20,Requisição HTTP,200,,Grupo de Usuários 1-78,,true,210,20
1612652922977,23,Requisição HTTP,200,,Grupo de Usuários 1-77,,true,210,23
1612652922971,32,Requisição HTTP,200,,Grupo de Usuários 1-94,,true,210,32
1612652922977,31,Requisição HTTP,200,,Grupo de Usuários 1-89,,true,210,31
1612652922979,33,Requisição HTTP,200,,Grupo de Usuários 1-91,,true,210,33
1612652922977,38,Requisição HTTP,200,,Grupo de Usuários 1-73,,true,210,38
1612652922978,40,Requisição HTTP,200,,Grupo de Usuários 1-85,,true,210,40
1612652922955,65,Requisição HTTP,200,,Grupo de Usuários 1-93,,true,210,65
1612652922987,35,Requisição HTTP,200,,Grupo de Usuários 1-96,,true,210,35
1612652922999,28,Requisição HTTP,200,,Grupo de Usuários 1-81,,true,210,28
1612652922999,31,Requisição HTTP,200,,Grupo de Usuários 1-74,,true,210,31
1612652922999,37,Requisição HTTP,200,,Grupo de Usuários 1-92,,true,210,37
1612652923002,36,Requisição HTTP,200,,Grupo de Usuários 1-97,,true,210,36
1612652923005,35,Requisição HTTP,200,,Grupo de Usuários 1-98,,true,210,35
1612652923017,25,Requisição HTTP,200,,Grupo de Usuários 1-99,,true,210,25
1612652923027,19,Requisição HTTP,200,,Grupo de Usuários 1-80,,true,210,19
1612652923029,20,Requisição HTTP,200,,Grupo de Usuários 1-88,,true,210,20
1612652923027,21,Requisição HTTP,200,,Grupo de Usuários 1-87,,true,210,21
1612652923029,24,Requisição HTTP,200,,Grupo de Usuários 1-82,,true,210,24
1612652923001,53,Requisição HTTP,200,,Grupo de Usuários 1-76,,true,210,53
1612652923032,23,Requisição HTTP,200,,Grupo de Usuários 1-84,,true,210,23
1612652923032,23,Requisição HTTP,200,,Grupo de Usuários 1-83,,true,210,23
1612652923032,25,Requisição HTTP,200,,Grupo de Usuários 1-95,,true,210,25
1612652923032,25,Requisição HTTP,200,,Grupo de Usuários 1-79,,true,210,25
1612652923049,8,Requisição HTTP,200,,Grupo de Usuários 1-100,,true,210,8
1612652922952,106,Requisição HTTP,200,,Grupo de Usuários 1-86,,true,210,106
1612652923063,3,Requisição HTTP,200,,Grupo de Usuários 1-77,,true,210,3
1612652923066,2,Requisição HTTP,200,,Grupo de Usuários 1-89,,true,210,2
1612652923061,4,Requisição HTTP,200,,Grupo de Usuários 1-78,,true,210,4
1612652923066,5,Requisição HTTP,200,,Grupo de Usuários 1-91,,true,210,5
1612652923068,6,Requisição HTTP,200,,Grupo de Usuários 1-85,,true,210,6
1612652923069,7,Requisição HTTP,200,,Grupo de Usuários 1-93,,true,210,7
1612652923069,11,Requisição HTTP,200,,Grupo de Usuários 1-96,,true,210,11
1612652923065,7,Requisição HTTP,200,,Grupo de Usuários 1-94,,true,210,7
1612652922978,120,Requisição HTTP,200,,Grupo de Usuários 1-90,,true,210,120
1612652923099,5,Requisição HTTP,200,,Grupo de Usuários 1-81,,true,210,5
1612652923101,8,Requisição HTTP,200,,Grupo de Usuários 1-92,,true,210,8
1612652923102,9,Requisição HTTP,200,,Grupo de Usuários 1-98,,true,210,9
1612652923103,9,Requisição HTTP,200,,Grupo de Usuários 1-80,,true,210,9
1612652923104,9,Requisição HTTP,200,,Grupo de Usuários 1-87,,true,210,9
1612652923104,12,Requisição HTTP,200,,Grupo de Usuários 1-88,,true,210,12
1612652923102,15,Requisição HTTP,200,,Grupo de Usuários 1-99,,true,210,15
1612652923106,13,Requisição HTTP,200,,Grupo de Usuários 1-83,,true,210,13
1612652923105,16,Requisição HTTP,200,,Grupo de Usuários 1-84,,true,210,16
1612652923105,16,Requisição HTTP,200,,Grupo de Usuários 1-82,,true,210,16
1612652923101,21,Requisição HTTP,200,,Grupo de Usuários 1-97,,true,210,21
1612652923107,15,Requisição HTTP,200,,Grupo de Usuários 1-86,,true,210,15
1612652923106,17,Requisição HTTP,200,,Grupo de Usuários 1-95,,true,210,17
1612652923107,20,Requisição HTTP,200,,Grupo de Usuários 1-100,,true,210,20
1612652923134,5,Requisição HTTP,200,,Grupo de Usuários 1-96,,true,210,5
1612652923134,5,Requisição HTTP,200,,Grupo de Usuários 1-94,,true,210,5
1612652923133,6,Requisição HTTP,200,,Grupo de Usuários 1-93,,true,210,6
1612652923132,8,Requisição HTTP,200,,Grupo de Usuários 1-89,,true,210,8
1612652923133,8,Requisição HTTP,200,,Grupo de Usuários 1-85,,true,210,8
1612652923133,12,Requisição HTTP,200,,Grupo de Usuários 1-91,,true,210,12
1612652923172,6,Requisição HTTP,200,,Grupo de Usuários 1-87,,true,210,6
1612652923172,7,Requisição HTTP,200,,Grupo de Usuários 1-90,,true,210,7
1612652923172,7,Requisição HTTP,200,,Grupo de Usuários 1-98,,true,210,7
1612652923175,5,Requisição HTTP,200,,Grupo de Usuários 1-88,,true,210,5
1612652923172,8,Requisição HTTP,200,,Grupo de Usuários 1-92,,true,210,8
1612652923176,5,Requisição HTTP,200,,Grupo de Usuários 1-99,,true,210,5
1612652923179,4,Requisição HTTP,200,,Grupo de Usuários 1-97,,true,210,4
1612652923179,4,Requisição HTTP,200,,Grupo de Usuários 1-95,,true,210,4
1612652923179,6,Requisição HTTP,200,,Grupo de Usuários 1-100,,true,210,6
1612652923179,6,Requisição HTTP,200,,Grupo de Usuários 1-86,,true,210,6
1612652923193,3,Requisição HTTP,200,,Grupo de Usuários 1-89,,true,210,3
1612652923193,3,Requisição HTTP,200,,Grupo de Usuários 1-96,,true,210,3
1612652923193,3,Requisição HTTP,200,,Grupo de Usuários 1-94,,true,210,3
1612652923193,3,Requisição HTTP,200,,Grupo de Usuários 1-93,,true,210,3
1612652923194,3,Requisição HTTP,200,,Grupo de Usuários 1-91,,true,210,3
1612652923209,3,Requisição HTTP,200,,Grupo de Usuários 1-90,,true,210,3
1612652923210,3,Requisição HTTP,200,,Grupo de Usuários 1-98,,true,210,3
1612652923214,3,Requisição HTTP,200,,Grupo de Usuários 1-100,,true,210,3
1612652923214,3,Requisição HTTP,404,,Grupo de Usuários 1-92,,false,210,3
1612652923214,4,Requisição HTTP,200,,Grupo de Usuários 1-86,,true,210,4
1612652923214,5,Requisição HTTP,200,,Grupo de Usuários 1-97,,true,210,5
1612652923214,5,Requisição HTTP,200,,Grupo de Usuários 1-99,,true,210,5
1612652923214,5,Requisição HTTP,200,,Grupo de Usuários 1-95,,true,210,5
1612652923230,2,Requisição HTTP,200,,Grupo de Usuários 1-94,,true,210,2
1612652923230,3,Requisição HTTP,200,,Grupo de Usuários 1-96,,true,210,3
1612652923231,2,Requisição HTTP,200,,Grupo de Usuários 1-93,,true,210,2
1612652923246,4,Requisição HTTP,200,,Grupo de Usuários 1-90,,true,210,4
1612652923247,3,Requisição HTTP,200,,Grupo de Usuários 1-100,,true,210,3
1612652923249,2,Requisição HTTP,200,,Grupo de Usuários 1-97,,true,210,2
1612652923249,2,Requisição HTTP,200,,Grupo de Usuários 1-99,,true,210,2
1612652923246,6,Requisição HTTP,200,,Grupo de Usuários 1-98,,true,210,6
